account_id,customer_id,branch_id,account_type,balance,open_date,status
1,34,10,Current,158772.42,2024-01-23,Active
2,3,15,Salary,499228.77,2024-09-12,Active
3,19,18,Savings,253436.46,2023-09-25,Active
4,239,12,Savings,439755.85,2021-02-03,Inactive
5,73,6,Current,417038.73,2022-01-04,Inactive
6,157,17,Savings,334263.74,2021-12-24,Inactive
7,239,4,Savings,132968.49,2022-05-15,Active
8,191,18,Savings,136901.76,2023-05-28,Active
9,184,11,Savings,344061.07,2023-08-18,Inactive
10,130,16,Current,452762.91,2024-11-13,Active
11,24,14,Current,22999.29,2023-04-23,Inactive
12,198,5,Salary,489919.18,2021-04-25,Active
13,190,15,Salary,353128.06,2025-07-19,Active
14,29,3,Salary,452060.36,2026-01-19,Active
15,214,12,Salary,276710.02,2020-09-30,Inactive
16,33,2,Current,182961.11,2024-12-28,Active
17,231,12,Savings,341351.28,2025-10-23,Active
18,91,18,Current,486944.67,2023-02-08,Active
19,237,8,Savings,488126.81,2020-08-12,Active
20,226,14,Savings,90500.97,2022-08-16,Inactive
21,201,14,Salary,432167.95,2020-11-17,Active
22,69,6,Salary,54939.72,2024-03-13,Active
23,220,16,Savings,100586.84,2020-12-22,Inactive
24,90,10,Savings,112238.85,2025-11-07,Active
25,103,11,Current,432312.12,2022-11-22,Inactive
26,90,17,Current,340079.54,2026-03-26,Inactive
27,241,1,Savings,438642.17,2020-06-28,Inactive
28,46,19,Current,20090.34,2022-03-08,Inactive
29,89,11,Current,303498.22,2023-04-26,Active
30,99,19,Savings,128106.53,2021-12-17,Inactive
31,1,17,Salary,343741.72,2022-01-02,Active
32,94,14,Savings,474488.37,2023-03-01,Inactive
33,160,11,Salary,424159.62,2021-08-31,Inactive
34,130,10,Salary,204788.06,2021-07-31,Inactive
35,179,10,Salary,64516.61,2026-02-01,Inactive
36,171,13,Salary,374319.15,2020-10-27,Active
37,158,19,Current,203631.51,2025-04-07,Active
38,78,10,Savings,215514.19,2022-10-11,Inactive
39,120,15,Current,338137.99,2021-07-24,Inactive
40,204,6,Salary,43312.97,2025-08-26,Inactive
41,24,8,Salary,155899.31,2021-01-27,Active
42,38,1,Savings,123176.43,2025-09-05,Inactive
43,157,3,Current,207806.06,2025-06-26,Active
44,184,13,Current,200426.78,2025-05-21,Active
45,168,1,Savings,389431.78,2024-06-02,Active
46,46,17,Current,26058.97,2025-06-15,Active
47,235,4,Current,67536.21,2026-01-21,Inactive
48,171,17,Salary,298130.71,2025-12-31,Inactive
49,157,17,Current,415454.02,2023-10-05,Inactive
50,230,6,Salary,430885.96,2026-01-19,Inactive
51,67,8,Salary,139378.37,2021-06-07,Inactive
52,161,8,Current,220496.42,2022-06-11,Inactive
53,61,9,Current,160535.07,2026-02-19,Active
54,36,5,Savings,192134.61,2022-02-18,Active
55,181,7,Savings,208019.08,2025-08-23,Inactive
56,139,15,Current,32070.59,2020-05-29,Inactive
57,100,19,Salary,10746.45,2022-11-12,Inactive
58,123,1,Current,150007.71,2025-04-07,Inactive
59,219,14,Salary,374010.32,2024-12-25,Active
60,125,8,Current,218482.15,2024-11-03,Active
61,100,11,Salary,339891.8,2024-04-24,Inactive
62,186,6,Current,459851.27,2020-08-31,Active
63,233,13,Salary,282631.6,2025-10-15,Active
64,22,14,Savings,433558.83,2025-12-17,Active
65,13,9,Current,164348.98,2022-09-05,Inactive
66,84,11,Current,139850.05,2026-02-14,Inactive
67,65,3,Current,10672.26,2022-05-03,Active
68,244,12,Savings,325421.9,2022-03-25,Active
69,194,1,Savings,100480.98,2021-11-15,Active
70,160,5,Savings,63984.27,2025-08-26,Active
71,145,7,Current,350033.02,2025-11-30,Inactive
72,43,20,Salary,481903.64,2022-03-23,Active
73,200,6,Current,54941.28,2020-06-22,Active
74,238,10,Salary,338996.3,2024-11-06,Inactive
75,102,7,Savings,296456.83,2023-12-01,Active
76,27,10,Salary,300605.4,2023-05-26,Active
77,204,19,Savings,174254.68,2022-03-18,Inactive
78,170,12,Savings,253474.43,2021-07-31,Inactive
79,4,14,Current,53663.9,2022-04-28,Inactive
80,163,15,Salary,77342.58,2024-04-25,Active
81,188,17,Salary,135771.12,2020-09-02,Inactive
82,120,14,Salary,296644.83,2025-10-17,Inactive
83,219,8,Savings,140185.2,2025-03-17,Inactive
84,63,15,Salary,305555.52,2022-06-02,Inactive
85,87,1,Current,425625.47,2023-08-26,Active
86,125,7,Current,399118.35,2021-04-05,Inactive
87,72,20,Salary,440173.57,2024-02-22,Active
88,133,7,Savings,121436.67,2025-11-03,Inactive
89,126,18,Savings,345614.06,2021-09-13,Inactive
90,115,1,Savings,147823.56,2022-03-12,Inactive
91,178,8,Current,332316.05,2024-11-26,Inactive
92,122,18,Salary,172534.94,2022-06-02,Inactive
93,91,15,Current,154004.87,2025-04-21,Active
94,31,7,Current,60657.82,2024-10-09,Active
95,50,7,Salary,242615.1,2024-12-30,Inactive
96,26,7,Current,114514.1,2021-01-20,Active
97,78,1,Salary,267533.41,2021-02-24,Inactive
98,12,2,Salary,146776.19,2022-12-20,Active
99,164,16,Savings,436487.15,2020-11-26,Inactive
100,121,16,Current,171012.26,2021-11-16,Active
101,65,16,Savings,411235.71,2024-09-29,Inactive
102,126,3,Salary,315093.41,2023-05-20,Active
103,39,5,Salary,474613.7,2025-08-03,Active
104,64,4,Salary,382457.28,2022-04-13,Active
105,199,17,Current,225806.72,2026-05-04,Inactive
106,77,19,Current,153384.74,2022-04-28,Active
107,157,4,Savings,313132.0,2023-08-02,Inactive
108,170,3,Savings,120692.72,2023-01-12,Active
109,41,1,Current,225801.35,2022-02-25,Inactive
110,75,2,Savings,144764.34,2025-10-28,Inactive
111,180,15,Savings,344005.08,2021-10-17,Inactive
112,202,19,Salary,402148.93,2024-01-07,Active
113,109,4,Salary,113179.92,2025-09-16,Active
114,233,9,Savings,36633.51,2026-02-19,Active
115,203,10,Salary,374729.9,2020-10-08,Inactive
116,113,4,Current,344650.32,2024-10-15,Inactive
117,242,9,Salary,270450.8,2025-07-24,Inactive
118,21,20,Savings,444822.02,2021-11-28,Inactive
119,155,9,Savings,46572.12,2020-10-25,Active
120,196,9,Salary,21075.6,2023-02-24,Active
121,121,17,Salary,221672.47,2021-07-18,Inactive
122,47,19,Current,317757.58,2026-02-26,Inactive
123,249,3,Current,174632.57,2021-10-08,Inactive
124,83,4,Savings,165572.03,2020-06-28,Inactive
125,74,13,Salary,19311.87,2024-03-03,Active
126,81,9,Current,58844.88,2021-11-24,Inactive
127,222,17,Savings,329172.53,2025-03-14,Inactive
128,106,2,Savings,259701.26,2021-09-06,Inactive
129,161,15,Savings,102575.56,2023-05-07,Active
130,238,10,Current,440542.46,2025-06-18,Inactive
131,32,1,Salary,304826.96,2024-10-21,Active
132,182,6,Current,275868.66,2020-11-27,Inactive
133,24,8,Savings,231262.5,2024-04-09,Active
134,166,5,Current,466393.88,2021-01-06,Inactive
135,131,9,Current,417527.25,2024-02-28,Inactive
136,63,15,Salary,73176.34,2025-04-30,Active
137,236,20,Salary,373399.98,2021-08-02,Active
138,222,3,Current,386564.89,2026-04-09,Inactive
139,88,17,Current,410454.19,2022-03-20,Inactive
140,186,10,Salary,290381.77,2020-06-29,Inactive
141,222,5,Current,269751.71,2024-01-25,Inactive
142,86,18,Salary,189227.82,2020-10-09,Inactive
143,223,7,Salary,120163.97,2024-09-27,Inactive
144,60,14,Savings,159769.99,2024-05-23,Inactive
145,181,13,Current,494218.59,2021-08-31,Active
146,127,2,Savings,251643.28,2022-07-18,Inactive
147,223,4,Current,50756.14,2020-11-13,Inactive
148,4,5,Current,435595.55,2024-01-03,Active
149,20,16,Current,169942.06,2022-10-25,Inactive
150,167,3,Current,426318.33,2022-02-22,Inactive
151,245,11,Salary,359640.0,2024-04-18,Inactive
152,224,18,Savings,309112.27,2025-09-14,Active
153,162,10,Savings,373636.42,2022-03-01,Inactive
154,26,4,Current,84016.03,2024-02-02,Inactive
155,232,1,Savings,162862.96,2022-03-12,Active
156,76,12,Current,215912.71,2024-03-24,Active
157,136,14,Salary,341218.39,2022-05-09,Active
158,44,6,Savings,305136.4,2026-01-08,Inactive
159,159,8,Current,456501.68,2024-01-24,Active
160,60,15,Salary,127734.69,2026-01-22,Inactive
161,171,1,Current,450703.5,2025-12-25,Active
162,19,15,Current,493838.2,2022-01-23,Inactive
163,164,14,Salary,125799.01,2022-07-18,Inactive
164,51,13,Current,54219.98,2025-02-24,Inactive
165,147,12,Salary,148640.32,2020-08-18,Inactive
166,6,13,Current,5040.88,2020-12-09,Active
167,234,20,Salary,248866.92,2022-05-07,Inactive
168,199,8,Salary,401164.05,2021-03-28,Active
169,163,7,Salary,126062.77,2024-03-10,Active
170,161,4,Salary,323523.96,2021-08-15,Inactive
171,202,15,Savings,290207.33,2024-09-16,Active
172,24,10,Current,373992.95,2024-03-05,Active
173,52,5,Salary,438353.84,2026-03-04,Inactive
174,136,17,Current,415405.84,2022-06-14,Inactive
175,234,16,Current,373533.12,2025-03-21,Inactive
176,206,4,Current,481483.75,2024-05-14,Active
177,194,8,Salary,362384.14,2023-10-31,Inactive
178,248,18,Current,46061.13,2026-04-19,Inactive
179,4,9,Salary,62670.78,2023-07-31,Inactive
180,173,9,Salary,191131.72,2026-02-11,Inactive
181,28,8,Current,13487.3,2025-12-13,Inactive
182,235,20,Savings,324178.54,2023-05-05,Inactive
183,233,10,Salary,204739.63,2024-01-22,Active
184,12,2,Current,497967.76,2023-10-13,Active
185,25,8,Salary,68696.36,2021-04-09,Inactive
186,95,18,Current,294082.83,2021-12-01,Active
187,227,14,Salary,50411.8,2021-06-12,Inactive
188,158,14,Current,17325.43,2025-12-08,Inactive
189,56,15,Current,475327.03,2023-02-19,Inactive
190,26,12,Salary,450946.41,2023-01-18,Inactive
191,16,13,Current,95714.47,2022-08-04,Active
192,243,15,Savings,331721.6,2024-01-22,Active
193,13,11,Savings,494421.63,2023-09-28,Active
194,18,18,Savings,293605.16,2026-01-09,Active
195,85,5,Salary,2414.94,2022-02-21,Active
196,34,18,Current,399458.4,2025-09-05,Active
197,170,1,Savings,8415.3,2024-12-13,Active
198,151,11,Savings,87948.85,2022-11-06,Active
199,33,14,Salary,57711.0,2021-06-28,Active
200,122,15,Current,257105.74,2025-02-05,Active
201,116,17,Savings,472762.41,2022-05-23,Active
202,187,17,Current,229563.22,2022-08-17,Active
203,16,16,Current,213710.54,2020-06-12,Active
204,126,15,Savings,449734.12,2025-02-05,Inactive
205,156,5,Savings,63969.6,2021-04-04,Inactive
206,98,20,Salary,148153.98,2022-07-16,Inactive
207,26,4,Salary,325807.42,2024-10-18,Active
208,111,15,Savings,207492.97,2025-05-03,Inactive
209,103,14,Salary,48447.83,2024-11-03,Inactive
210,81,9,Current,476842.67,2022-11-10,Inactive
211,18,3,Savings,47521.82,2021-04-19,Active
212,191,12,Savings,278629.0,2026-02-07,Inactive
213,172,4,Current,177445.44,2022-10-04,Inactive
214,223,2,Current,300604.64,2025-11-07,Inactive
215,27,19,Salary,107156.66,2026-01-18,Inactive
216,58,4,Current,422841.34,2025-11-06,Inactive
217,30,9,Salary,113853.39,2021-12-13,Inactive
218,217,18,Salary,307173.07,2023-04-06,Active
219,156,9,Savings,91027.62,2026-05-05,Inactive
220,236,11,Current,4046.79,2024-06-20,Active
221,145,13,Savings,71795.45,2021-03-03,Active
222,24,17,Savings,188721.01,2026-04-05,Inactive
223,88,6,Current,156507.05,2025-03-09,Inactive
224,199,19,Salary,43393.56,2022-02-21,Active
225,40,6,Salary,25831.48,2022-05-11,Active
226,70,15,Salary,212583.37,2021-12-24,Inactive
227,107,9,Savings,377716.63,2024-09-10,Active
228,89,14,Savings,142339.99,2020-07-18,Inactive
229,135,10,Savings,111038.7,2026-01-05,Active
230,2,7,Current,472716.72,2022-07-30,Active
231,196,9,Current,164733.06,2022-07-29,Active
232,128,14,Savings,65463.67,2023-06-02,Active
233,129,18,Salary,403293.89,2021-06-30,Active
234,102,2,Current,10352.03,2023-02-22,Active
235,221,11,Salary,215212.86,2020-11-20,Inactive
236,182,14,Current,58471.51,2025-08-24,Active
237,248,11,Savings,400859.76,2022-09-21,Inactive
238,213,12,Savings,218919.18,2021-05-10,Active
239,63,14,Salary,200824.46,2025-10-05,Active
240,102,10,Salary,170417.13,2023-06-28,Inactive
241,200,6,Savings,255731.16,2024-02-08,Active
242,136,17,Savings,453055.44,2020-12-09,Inactive
243,90,5,Savings,52299.46,2021-06-14,Inactive
244,51,6,Salary,77282.02,2025-09-08,Active
245,46,16,Current,377468.47,2021-06-27,Inactive
246,175,19,Salary,318013.86,2024-11-27,Inactive
247,222,11,Savings,220441.65,2022-06-05,Inactive
248,114,10,Current,296118.46,2023-01-05,Inactive
249,130,3,Current,231409.5,2025-06-22,Active
250,15,12,Current,39288.77,2023-01-11,Active
251,158,20,Salary,192856.76,2023-05-17,Active
252,116,19,Salary,94931.49,2025-12-25,Inactive
253,129,5,Savings,225811.03,2023-05-30,Inactive
254,183,3,Salary,323417.42,2023-09-25,Active
255,64,15,Current,262510.21,2022-04-15,Active
256,94,12,Current,194320.86,2022-03-17,Inactive
257,174,20,Savings,394824.24,2021-02-24,Inactive
258,17,11,Savings,279423.64,2024-12-17,Inactive
259,73,9,Salary,425931.56,2022-10-27,Active
260,86,3,Salary,332142.44,2023-02-06,Inactive
261,80,13,Savings,297925.57,2024-03-12,Active
262,80,18,Current,322103.14,2021-04-22,Inactive
263,209,5,Salary,351712.61,2022-07-20,Active
264,166,14,Salary,181552.22,2021-10-10,Inactive
265,80,6,Savings,171524.44,2020-05-29,Inactive
266,50,8,Savings,78317.64,2022-02-18,Inactive
267,217,4,Salary,385666.49,2024-04-01,Active
268,170,11,Salary,66393.47,2020-06-10,Inactive
269,40,6,Savings,415841.18,2021-05-31,Active
270,185,15,Savings,206018.45,2022-06-28,Active
271,249,15,Salary,143179.04,2022-10-21,Inactive
272,60,18,Savings,155424.48,2022-02-03,Inactive
273,232,7,Current,339475.11,2026-04-27,Inactive
274,119,10,Current,251950.44,2025-12-10,Inactive
275,248,6,Savings,400828.35,2022-02-18,Active
276,224,9,Savings,320948.34,2024-02-25,Inactive
277,142,4,Salary,423100.25,2025-05-25,Active
278,73,3,Savings,137122.86,2020-06-01,Active
279,213,14,Savings,473260.22,2023-01-11,Active
280,210,15,Current,465305.49,2023-07-31,Inactive
281,14,13,Salary,187606.78,2021-03-29,Inactive
282,21,12,Savings,15065.59,2022-08-14,Active
283,215,11,Savings,69662.19,2023-07-12,Inactive
284,235,16,Salary,415724.13,2021-05-11,Inactive
285,115,20,Savings,453022.89,2021-03-12,Active
286,66,7,Savings,274853.32,2021-09-09,Inactive
287,29,10,Savings,151274.45,2024-03-26,Active
288,62,14,Salary,397155.66,2026-03-13,Inactive
289,17,4,Current,298772.78,2024-06-24,Active
290,162,17,Salary,121727.13,2021-09-24,Active
291,75,14,Savings,307789.98,2021-02-15,Active
292,147,14,Savings,332521.28,2022-09-01,Active
293,135,12,Savings,476748.44,2025-08-14,Active
294,100,16,Savings,318199.72,2025-06-29,Inactive
295,65,1,Current,394471.49,2023-08-29,Inactive
296,62,4,Salary,367858.31,2022-10-31,Inactive
297,35,2,Current,273460.86,2025-08-17,Active
298,213,15,Salary,239787.05,2025-03-11,Active
299,208,5,Savings,358306.48,2020-12-31,Inactive
300,10,10,Savings,22859.33,2024-12-25,Active
