branch_id,branch_name,city,state,manager_name
1,Vijayawada Branch,Kolkata,West Bengal,Nitara Suri
2,Tiruppur Branch,Machilipatnam,Kerala,Adah Tata
3,Dhule Branch,Maheshtala,Odisha,Amani Suresh
4,Bahraich Branch,Tumkur,Kerala,Riaan Wadhwa
5,Madurai Branch,Karawal Nagar,Kerala,Aarush Choudhury
6,Kochi Branch,Serampore,Kerala,Hiran Deo
7,Karawal Nagar Branch,Ballia,West Bengal,Ivan Borde
8,Madanapalle Branch,Surendranagar Dudhrej,Nagaland,Ryan Khurana
9,Guntakal Branch,Sangli-Miraj & Kupwad,Jharkhand,Manikya Raja
10,Pallavaram Branch,Kakinada,Tamil Nadu,Uthkarsh Ahuja
11,Rourkela Branch,Cuttack,Nagaland,Taran Salvi
12,Shimla Branch,Jorhat,Telangana,Faiyaz Gulati
13,Kolkata Branch,Kanpur,Tripura,Suhana Gandhi
14,Nangloi Jat Branch,Shahjahanpur,Telangana,Gokul Bhardwaj
15,Davanagere Branch,Panihati,Tripura,Yashvi Kumar
16,Karawal Nagar Branch,Dewas,Gujarat,Shanaya Sule
17,Amravati Branch,Faridabad,Bihar,Anya Kohli
18,Saharanpur Branch,Raebareli,Goa,Indrajit Chhabra
19,Serampore Branch,Bilaspur,Rajasthan,Kabir Bala
20,Katihar Branch,Thoothukudi,Uttarakhand,Siya Lall
