customer_id,full_name,gender,dob,phone_number,email,city,state,join_date
1,Pihu Ram,Male,1975-10-09,07949587085,prishasarma@yahoo.com,Ballia,West Bengal,2018-11-03
2,Chirag Varty,Male,1969-09-21,+913939357588,anahi31@hotmail.com,Bhatpara,Assam,2023-09-08
3,Ishita Viswanathan,Female,1989-09-29,+912042519171,jhans@hotmail.com,Darbhanga,Himachal Pradesh,2023-12-26
4,Mishti Agrawal,Male,1986-04-04,+913624348987,faiyazjohal@baral-rama.net,Panvel,Assam,2022-01-08
5,Akarsh Vala,Male,1977-06-06,01702769313,tsarin@gmail.com,Gandhidham,Rajasthan,2020-10-12
6,Anvi Sastry,Male,1982-04-06,+912846551253,hirandalia@chokshi.info,Siwan,Uttar Pradesh,2024-08-25
7,Anahi Johal,Male,1959-04-14,5983064623,rasha62@kala.net,Jehanabad,Rajasthan,2019-07-24
8,Sana Dubey,Male,1967-04-03,5938038124,raghav55@karpe-khare.com,Khora ,Meghalaya,2020-10-31
9,Adira Grewal,Female,1956-12-30,+912335839859,vritika21@gmail.com,Ongole,Assam,2025-03-11
10,Aniruddh Raval,Male,2007-03-05,6534353148,chandhiran@singhal.com,Nashik,Tamil Nadu,2024-08-19
11,Anika Venkataraman,Male,1997-09-13,3681041063,ira82@chada.biz,Satara,Karnataka,2020-09-14
12,Keya Chandra,Male,1986-04-17,02179384199,divitlal@gmail.com,Tirupati,West Bengal,2020-12-30
13,Neelofar Iyengar,Male,1990-07-23,09551332538,jhadhanuk@sandal-chada.com,Amravati,Assam,2023-09-17
14,Umang Issac,Male,1989-11-12,8554706000,aniruddhdhaliwal@yahoo.com,Amaravati,Uttarakhand,2020-10-26
15,Yasmin Agrawal,Male,1974-12-22,8326812376,odeshmukh@hotmail.com,Jehanabad,West Bengal,2019-06-18
16,Dishani Atwal,Male,2001-06-15,06676584816,aradhyabora@keer-sem.com,Firozabad,Madhya Pradesh,2022-10-27
17,Riaan Aurora,Female,1972-04-06,+910880105361,xdasgupta@yahoo.com,Saharanpur,Mizoram,2024-07-06
18,Rhea Hari,Male,1993-12-02,6331371527,kdalia@sridhar.info,Dhule,Haryana,2020-05-04
19,Tushar Chauhan,Female,1998-05-11,+910521602934,seherbora@gmail.com,Shivpuri,Manipur,2025-03-27
20,Ishaan Sundaram,Female,1978-03-04,01966987031,samarrandhawa@gmail.com,Bhiwani,Tamil Nadu,2023-04-05
21,Advik Sachdeva,Male,1968-02-21,+915226133354,nishith16@hotmail.com,Salem,Maharashtra,2019-10-08
22,Advik Sunder,Male,2006-09-04,+910044367533,uthkarshsule@tailor-dutta.com,Kumbakonam,Karnataka,2025-07-30
23,Anahita Thaman,Female,1968-11-03,00009092546,qsastry@hotmail.com,Pallavaram,Manipur,2025-11-29
24,Chirag Chand,Female,1998-12-26,+917163410525,taimur09@gmail.com,Dharmavaram,Punjab,2026-01-21
25,Vaibhav Rege,Female,1971-12-04,+910136100905,raunakbhalla@yahoo.com,Ghaziabad,Chhattisgarh,2019-06-26
26,Hazel Sawhney,Male,1971-09-30,+917540591294,chiragbassi@yahoo.com,Deoghar,Chhattisgarh,2024-02-25
27,Shamik Kunda,Male,1990-08-10,+917837204295,sarkareshani@hotmail.com,Katihar,Tamil Nadu,2024-03-10
28,Mohanlal Virk,Female,1964-12-26,+918244185185,suhanajoshi@jayaraman-sant.com,Bhusawal,Karnataka,2025-06-05
29,Zeeshan Srivastava,Male,1986-01-17,09117555777,zeeshanbajaj@yahoo.com,Karimnagar,Uttar Pradesh,2024-05-29
30,Vaibhav Sood,Male,1982-11-15,+918002163704,ysodhi@yahoo.com,Darbhanga,Maharashtra,2026-02-15
31,Neysa Lanka,Female,1987-06-12,+913258574857,divij92@jain-sen.net,Mirzapur,Andhra Pradesh,2023-08-05
32,Anahita Singhal,Male,2005-07-27,9293787593,ojaskar@gmail.com,Raurkela Industrial Township,Arunachal Pradesh,2022-06-15
33,Zain Chawla,Female,1972-10-28,06953538117,tara58@gmail.com,Panchkula,Uttar Pradesh,2019-05-31
34,Mishti Bawa,Female,2005-06-30,07162720806,xravi@yahoo.com,Phusro,Madhya Pradesh,2022-02-22
35,Eva Jaggi,Female,1995-09-04,+918522336209,qdeshmukh@hotmail.com,Mehsana,Maharashtra,2022-01-12
36,Lagan Zachariah,Male,1983-08-08,04992028969,advik50@kanda-bajwa.com,Dewas,Kerala,2019-05-05
37,Lagan Joshi,Female,1988-03-05,7222062866,riaan13@bala-bahri.com,Shahjahanpur,Bihar,2020-09-14
38,Madhup Hayer,Male,1959-09-17,+918913401143,wshere@gmail.com,Khammam,Goa,2023-05-24
39,Ishita Maharaj,Female,1964-12-22,+911358251376,krishmahajan@bajwa-sood.org,Dewas,Tamil Nadu,2024-10-14
40,Akarsh Sundaram,Male,1966-03-25,+913698740923,dmander@yahoo.com,Dhanbad,Jharkhand,2020-12-05
41,Vaibhav Babu,Female,1993-12-25,4353566033,ramaswamyarhaan@gmail.com,Indore,Sikkim,2022-09-20
42,Hansh Swamy,Female,1996-07-29,+912271682475,tripathilagan@ramachandran.org,Panipat,Assam,2025-01-28
43,Shamik Gour,Male,1997-07-07,2267097313,uthkarshmadan@yahoo.com,Loni,Goa,2021-06-20
44,Ojas Chatterjee,Male,1961-06-29,1817291962,vohranayantara@kaul.com,Kavali,Rajasthan,2025-12-01
45,Anaya Tailor,Male,1999-05-19,+913630910597,ssastry@yahoo.com,Vasai-Virar,Karnataka,2020-07-11
46,Aradhya Dewan,Male,1969-09-14,4704335518,divitsunder@yahoo.com,Danapur,Maharashtra,2021-01-13
47,Lakshit Handa,Female,2002-05-12,+916085969560,majumdarkimaya@gmail.com,Shimla,Tripura,2025-04-11
48,Tanya Zachariah,Male,1983-09-20,6079578965,manjari62@yahoo.com,Bhatpara,Maharashtra,2024-12-27
49,Devansh Dutt,Male,1978-02-08,02240346267,cmammen@kapoor.net,Aurangabad,Arunachal Pradesh,2018-08-21
50,Romil Rege,Male,1967-05-16,1079954573,madhupbal@ahluwalia-seth.com,Durg,Arunachal Pradesh,2023-04-18
51,Renee Vohra,Female,1982-03-06,+910024191114,czachariah@yahoo.com,Pune,Karnataka,2024-04-21
52,Yuvraj  Sagar,Female,1969-04-13,+911941346075,ryan93@gmail.com,Hajipur,Nagaland,2023-09-20
53,Badal Varughese,Female,1997-06-19,+918909620419,sjayaraman@sastry.info,Jalna,Telangana,2020-04-20
54,Armaan Sandhu,Female,1984-02-17,6246686596,divyansh87@yahoo.com,North Dumdum,Sikkim,2021-01-11
55,Purab Sachdev,Male,1982-03-04,7592907205,lagankaran@dasgupta.com,Muzaffarpur,Odisha,2021-01-09
56,Indranil Grewal,Female,1956-07-19,+911149361546,hridaanrout@gade-hora.com,Ulhasnagar,Mizoram,2024-04-11
57,Kabir Sankar,Female,1989-12-15,4831545366,dekhushi@yahoo.com,Rajpur Sonarpur,West Bengal,2024-08-16
58,Nirvaan Sabharwal,Male,1963-08-29,+916941854116,sehgalgatik@yahoo.com,Nanded,Haryana,2019-12-30
59,Riaan Hayre,Female,1959-10-16,+915179380692,uchaudhari@rajagopal.com,Mangalore,Karnataka,2026-04-07
60,Alisha Devan,Male,1964-01-09,00514871611,ibhatt@chandra-mammen.info,Sultan Pur Majra,Maharashtra,2021-03-09
61,Suhana Aurora,Male,1967-07-03,4667482443,taran03@venkatesh-chand.biz,Bhilwara,West Bengal,2019-07-30
62,Ela Tella,Male,2002-05-20,3159318138,dhruvdhillon@khurana-sagar.biz,Karaikudi,Manipur,2020-07-30
63,Misha Chauhan,Male,1980-06-27,4158627285,sethianya@gmail.com,Ambattur,Assam,2022-03-19
64,Arhaan Kara,Female,1989-11-01,+919553581022,bordesahil@yahoo.com,Raurkela Industrial Township,Maharashtra,2021-10-23
65,Darshit Dutt,Female,1977-09-04,2297236009,bobalkhushi@gaba-solanki.org,Bilaspur,Sikkim,2019-11-20
66,Zoya Bhatia,Female,2005-01-29,6465413095,taimur97@yahoo.com,Surendranagar Dudhrej,Haryana,2023-05-04
67,Yuvaan Sachdeva,Male,2000-07-20,+917271317412,sarkaraniruddh@sane.org,Jhansi,Haryana,2018-06-24
68,Aaryahi Lal,Female,1974-04-17,07322488738,nirvaan32@gmail.com,Maheshtala,Maharashtra,2018-12-09
69,Siya Talwar,Male,1992-08-03,+913990382068,swaminathanindrans@soni.com,Nagpur,Tripura,2020-08-15
70,Baiju Mallick,Male,1989-07-26,+913867666837,qbath@hotmail.com,Ambala,Assam,2021-10-02
71,Armaan Lalla,Male,1956-09-28,7832240945,irachandra@hotmail.com,Mehsana,Andhra Pradesh,2018-09-22
72,Aarush Chahal,Female,1959-06-27,08299261416,badal11@hotmail.com,Vellore,Tripura,2020-09-11
73,Zoya Bhatia,Female,2005-01-02,+913270488752,anaya29@yahoo.com,Nagercoil,Jharkhand,2018-06-08
74,Vanya Manne,Female,1963-06-27,7469055186,valanakul@sule.com,Uluberia,Jharkhand,2022-10-30
75,Aaina Dhaliwal,Male,1967-07-05,05746883694,chauhantushar@hari-kalla.org,Latur,Odisha,2024-06-14
76,Ranbir Borah,Male,2001-02-04,08790515025,ehsaanbala@lanka-roy.com,Raurkela Industrial Township,Assam,2024-10-06
77,Rhea Kade,Female,1962-01-31,00858078674,trishamallick@hotmail.com,Chapra,Goa,2022-06-28
78,Hansh Jayaraman,Male,1999-05-29,08539486149,handaryan@batta.biz,Nagercoil,Meghalaya,2020-06-17
79,Riya Lal,Female,1956-09-24,7983188211,gokulkala@vyas.org,Malegaon,Mizoram,2024-11-07
80,Lavanya Vora,Female,1959-06-13,+911032825796,advikaloyal@jhaveri-varghese.com,Alappuzha,Kerala,2019-03-01
81,Amira Deshmukh,Female,2008-03-29,8200890079,divyansh54@yahoo.com,Singrauli,Telangana,2021-07-11
82,Ranbir Sankaran,Male,1989-11-05,+913877845459,venkatesheva@yahoo.com,Darbhanga,Telangana,2024-12-04
83,Rhea Tailor,Female,1972-05-12,03981935717,mallicktara@viswanathan-kuruvilla.com,Kavali,Arunachal Pradesh,2021-12-19
84,Chirag Borah,Male,1970-11-06,7469430982,eshanisampath@hotmail.com,Hosur,Mizoram,2021-07-09
85,Jivika Sathe,Male,1973-08-23,+919823223161,basakhrishita@yahoo.com,Agra,Arunachal Pradesh,2020-05-18
86,Jivin Thaker,Female,2004-08-25,07183906157,mannemishti@gmail.com,Muzaffarpur,Assam,2026-03-20
87,Jivika Sandal,Female,1956-08-13,6274791671,manneindrajit@yahoo.com,Unnao,Odisha,2018-06-04
88,Yuvaan Khalsa,Female,1998-02-17,+910320408574,chhabracharvi@balasubramanian.info,Bharatpur,Assam,2021-04-25
89,Ira Magar,Female,1986-12-09,+915633545600,purabrau@venkatesh.com,Giridih,Gujarat,2024-11-02
90,Raunak Kamdar,Male,1981-04-07,00065052793,nakul36@hotmail.com,Guna,Himachal Pradesh,2019-06-16
91,Taran Dara,Male,1999-08-23,04257203869,priyansh10@iyer-chopra.net,Giridih,Gujarat,2024-09-11
92,Emir Reddy,Female,1998-04-08,+915275367252,ehsaanbalan@yahoo.com,Madurai,Tripura,2022-02-06
93,Zoya Lal,Male,1978-08-21,04929580519,chandashayak@hotmail.com,Karnal,Punjab,2021-11-13
94,Azad Arya,Male,1958-10-02,07542422852,jhaveriaarush@gmail.com,Unnao,West Bengal,2024-11-07
95,Hridaan Zachariah,Male,1958-12-25,+919608578843,thakernirvi@wable.info,Chennai,Bihar,2023-12-20
96,Tejas Goel,Male,2002-10-28,+910735191303,ishaan00@yahoo.com,Delhi,Karnataka,2026-04-11
97,Eshani Rau,Male,1982-09-25,+913676467035,azadkrishna@loyal.org,Bettiah,Uttarakhand,2025-03-29
98,Damini Atwal,Female,1975-07-31,5999940795,elakshi08@balasubramanian-dass.biz,Jamalpur,Tripura,2023-01-15
99,Dharmajan Loyal,Male,1999-09-09,+918933411573,ranbirmani@gmail.com,Latur,Uttarakhand,2022-08-14
100,Mishti Lanka,Female,1986-03-27,+913700882011,borradivij@gmail.com,Aligarh,Nagaland,2026-05-11
101,Zain Lall,Female,1959-12-12,5648965150,mandersuhana@lanka.com,Raurkela Industrial Township,Kerala,2020-02-08
102,Nishith Soman,Female,1990-10-17,+914649227123,azad84@goel.com,Siwan,Bihar,2020-10-13
103,Manjari Issac,Female,1977-06-04,+913353702358,chadnitya@kothari-aggarwal.biz,Anantapuram,Uttarakhand,2020-07-13
104,Keya D’Alia,Male,1967-07-13,+914871351751,nishith36@yahoo.com,Shimoga,Tamil Nadu,2019-09-14
105,Nitara Randhawa,Male,1978-08-25,09614938690,dhaliwalzain@som.net,Bhubaneswar,Uttarakhand,2023-12-11
106,Ishaan Gade,Female,2000-07-26,2261357357,gchacko@chahal.com,Jamalpur,West Bengal,2019-10-11
107,Ira Dugar,Female,1970-12-02,6729485598,ahana-43@edwin.net,Sasaram,Andhra Pradesh,2021-08-17
108,Lavanya Kohli,Male,1997-08-06,+916067250416,umangbrahmbhatt@sahni-ganesan.net,Tiruppur,Uttar Pradesh,2024-11-22
109,Adah Ramaswamy,Female,1974-10-08,7692394321,sahotamamooty@hotmail.com,Jamalpur,Manipur,2022-11-15
110,Prisha Edwin,Female,1990-02-28,+913805058119,trishabhargava@gmail.com,Bikaner,Nagaland,2022-08-03
111,Badal Golla,Male,2004-06-23,+918912266808,cchana@wali.com,Bhind,Telangana,2025-05-06
112,Gokul Borde,Female,1968-01-08,03399303971,majumdarazad@bhavsar.com,Allahabad,Karnataka,2021-05-19
113,Ehsaan Dutta,Male,2000-03-04,07305710284,keerzain@yahoo.com,Nangloi Jat,Maharashtra,2021-03-05
114,Anahita Bhargava,Female,2004-09-29,+914272300029,osarkar@walla-krish.net,Unnao,Telangana,2020-03-19
115,Abram Srinivasan,Male,1961-06-19,05538604884,eva26@yahoo.com,Rajkot,Andhra Pradesh,2024-08-07
116,Darshit Sridhar,Male,1990-09-01,5190252510,kimaya60@gmail.com,Narasaraopet,Telangana,2025-11-27
117,Hansh Chaudhary,Female,1985-05-21,+912783797983,tjhaveri@jaggi-rajan.biz,Anantapuram,Odisha,2019-12-10
118,Jayesh Dugal,Male,1992-05-05,04319672258,bhardwajhrishita@srinivas-bahl.com,Navi Mumbai,Gujarat,2025-03-09
119,Aaryahi Chawla,Male,1955-07-22,+910122551085,nirvaankunda@krishnamurthy.com,Howrah,Goa,2022-03-13
120,Taimur Ravi,Female,1996-10-02,+916104459149,keerpranay@yahoo.com,Gorakhpur,Odisha,2024-07-27
121,Nitara Balay,Male,1975-02-04,4209279239,hborde@dora-thakkar.net,Karimnagar,Jharkhand,2020-11-22
122,Advika Borah,Male,1966-02-25,+917356735749,bijudate@hotmail.com,Kadapa,West Bengal,2024-07-11
123,Akarsh Chanda,Female,1995-04-15,6160594182,njohal@yahoo.com,Dibrugarh,Meghalaya,2022-01-20
124,Samaira Manda,Female,1984-03-24,04694601487,agarwalritvik@ganesh.biz,Amaravati,Madhya Pradesh,2026-01-22
125,Keya Shetty,Male,1976-09-13,0294067962,tarantrivedi@gmail.com,Tenali,Mizoram,2022-04-03
126,Reyansh Uppal,Male,1981-10-23,02268440980,sachdevvidur@kamdar.info,Karawal Nagar,Uttarakhand,2018-07-17
127,Damini Chada,Female,1996-10-25,1323583368,sairadora@chaudhari.com,Yamunanagar,Madhya Pradesh,2024-06-01
128,Manikya Dara,Female,1962-08-22,4579041908,karpeshanaya@agate.net,Junagadh,Gujarat,2020-06-03
129,Ryan Andra,Male,1958-01-19,+912136446657,laganray@lata.com,Erode,Sikkim,2026-04-22
130,Alisha Doshi,Male,1964-01-21,+910148845909,raghav18@char-goyal.info,Gopalpur,Madhya Pradesh,2022-07-13
131,Nirvi Khanna,Male,1999-08-28,+915863085559,mahajankhushi@balay.com,Bathinda,Assam,2023-12-05
132,Indrans Brar,Male,1956-02-08,+916852107507,gopalchirag@kurian-varkey.com,Bardhaman,Nagaland,2026-03-05
133,Dharmajan Kakar,Male,1971-08-19,5883815437,nityawason@loke.com,Amaravati,Madhya Pradesh,2020-03-28
134,Indrans Vala,Female,1976-07-04,06623728752,nravi@gmail.com,Satara,Goa,2023-06-07
135,Mannat Tara,Male,1991-01-31,1665154931,nkhalsa@kamdar.com,Maheshtala,Manipur,2023-07-16
136,Sahil Sahota,Male,1986-05-19,9570087507,wbajwa@ghosh-tella.org,Avadi,Arunachal Pradesh,2024-11-21
137,Indranil Kota,Male,1978-06-21,01489474566,samar99@gmail.com,Danapur,Himachal Pradesh,2020-04-20
138,Fateh Bumb,Female,1994-12-28,7434393106,kgarde@bava.com,Khora ,Gujarat,2021-03-02
139,Saanvi Bains,Male,1988-05-06,0067531675,prishasrivastava@gmail.com,Khammam,Rajasthan,2019-04-17
140,Rati Shenoy,Female,1998-05-10,01483823732,dishaniramaswamy@rana.com,Cuttack,Assam,2023-12-05
141,Jayant Vaidya,Female,1998-10-13,4721902087,kanav41@bhalla.org,Jamnagar,Punjab,2021-09-22
142,Stuvan Chakrabarti,Male,1998-10-06,5389848388,sagarvihaan@yahoo.com,Jalgaon,Chhattisgarh,2023-01-27
143,Aayush Joshi,Male,1995-10-09,5144755586,qvenkatesh@yahoo.com,Pali,Chhattisgarh,2024-11-03
144,Amani Subramaniam,Female,1973-06-30,4573048455,lchakraborty@yahoo.com,Sambalpur,Arunachal Pradesh,2019-08-13
145,Mohanlal Sharaf,Female,1956-01-16,01844539199,zchad@ben-tella.com,Kochi,Rajasthan,2019-12-27
146,Hazel Sarna,Female,1967-08-13,06531519522,hiran07@gmail.com,Dewas,Tripura,2019-09-17
147,Akarsh Chandran,Female,1978-03-02,01974218438,akarsh71@yahoo.com,Amritsar,Uttar Pradesh,2021-07-30
148,Eshani Kothari,Female,1968-04-24,6256198222,arhaan42@gmail.com,Maheshtala,Mizoram,2020-10-04
149,Renee Thaker,Male,1997-01-17,+917942062359,bhargavaishaan@bhatt.com,Surendranagar Dudhrej,Tamil Nadu,2023-05-09
150,Yuvraj  Jha,Male,1990-03-05,+915587014162,chirag17@kara.com,Gopalpur,Tamil Nadu,2018-11-06
151,Miraya Sarraf,Male,1982-08-13,+917807757581,rania89@gmail.com,Mangalore,Karnataka,2024-03-28
152,Kabir Sarma,Male,1965-05-22,4530877118,charvi22@arora.com,Malegaon,Assam,2020-04-20
153,Prisha Batta,Female,1982-11-19,+912303193160,asavant@sharma-badami.info,Morena,Gujarat,2026-03-04
154,Renee Venkatesh,Male,1997-01-17,8774227756,purabvirk@hotmail.com,Munger,Tripura,2020-02-21
155,Tara Datta,Male,2005-04-06,+919683601777,rdubey@shukla.com,Dindigul,Chhattisgarh,2023-05-30
156,Diya Zacharia,Male,2001-05-12,07523725301,ghosekashvi@hotmail.com,Kulti,Chhattisgarh,2023-02-28
157,Devansh Balasubramanian,Male,1958-08-03,+914732069726,dbehl@yahoo.com,Jorhat,Gujarat,2018-05-26
158,Tara Raj,Male,1993-07-11,01506251832,mirayabiswas@balasubramanian-lala.biz,Bhiwandi,Andhra Pradesh,2025-03-15
159,Bhavin Bhargava,Male,1995-01-17,00085457562,vigojas@gmail.com,Haldia,Meghalaya,2020-04-01
160,Onkar Bhagat,Male,1987-07-04,0550129624,advikakothari@hans.net,Bahraich,Jharkhand,2019-10-08
161,Neysa Sagar,Male,1968-05-27,2928774616,prerak90@gmail.com,Muzaffarnagar,Bihar,2026-03-28
162,Elakshi Mane,Male,1958-03-06,03652523830,tanya38@gmail.com,Khandwa,Meghalaya,2025-10-27
163,Lakshay Loke,Female,1983-03-16,2071712020,pranay33@chandran-sankaran.biz,Mehsana,Odisha,2023-09-05
164,Akarsh Shroff,Male,1956-07-17,7488919686,manikya85@sandal.info,Bulandshahr,Haryana,2022-05-12
165,Saira Sani,Male,1993-01-30,+912237272070,venkataramansaanvi@bahri-jaggi.com,Aizawl,Maharashtra,2025-06-30
166,Ela Krishnamurthy,Female,1968-06-15,9576021812,stuvangolla@gmail.com,Jehanabad,Jharkhand,2021-12-10
167,Darshit Chawla,Female,1994-03-01,5102849941,vartykanav@kibe.net,Hyderabad,Mizoram,2025-01-02
168,Piya Tak,Male,1963-05-17,02069445305,rdhaliwal@gmail.com,Chinsurah,Nagaland,2025-10-21
169,Kimaya Gill,Male,1963-09-29,6638488832,miraya03@hotmail.com,Berhampore,Maharashtra,2023-12-15
170,Aarav Sengupta,Female,1965-07-11,08391162921,walianya@hotmail.com,Durg,Jharkhand,2025-05-24
171,Nehmat Arya,Male,1975-06-08,00280620257,uverma@gmail.com,Mahbubnagar,Assam,2023-04-26
172,Kanav Shanker,Female,1998-01-16,05276043004,gbahl@hotmail.com,Aurangabad,Uttarakhand,2019-05-27
173,Ela Chopra,Female,1969-12-29,+913706591915,tmalhotra@yahoo.com,Nagpur,Uttarakhand,2025-01-27
174,Hazel Basu,Male,1974-10-30,00018851396,dmangal@dani.net,Mysore,Jharkhand,2023-01-15
175,Stuvan Tata,Male,1962-07-28,06644393060,vaibhav95@yahoo.com,Dehri,Manipur,2024-01-14
176,Trisha Rajagopalan,Male,1982-07-27,4981083932,mdugar@behl.info,South Dumdum,Rajasthan,2018-11-20
177,Yashvi Ray,Female,1985-08-31,+911747253775,jbiswas@kala-bhattacharyya.org,Bidar,Gujarat,2025-12-29
178,Khushi Chakraborty,Female,2001-02-11,07266427823,amani06@aurora.biz,Panihati,Telangana,2019-10-26
179,Jayan Kaur,Female,1983-12-12,05125927839,anahitachauhan@yahoo.com,Bhilwara,West Bengal,2019-09-26
180,Neelofar Bedi,Female,1979-02-12,+918528430943,haripari@savant.com,Raiganj,Assam,2018-07-31
181,Sana Ghosh,Female,1962-05-20,+916599488753,anahitachahal@gmail.com,Unnao,Jharkhand,2019-10-20
182,Ishaan Wable,Male,1993-09-14,0906108339,anyachad@rajagopalan.info,Srinagar,Tripura,2022-07-21
183,Alia Bains,Male,1980-01-09,06804886059,chayre@chaudhary.com,Satara,Manipur,2026-05-06
184,Myra Ganguly,Male,2004-12-26,+918668771692,xshukla@gmail.com,Avadi,Tripura,2021-06-22
185,Divij Kapoor,Female,1964-06-24,08770941548,dhillonhiran@yahoo.com,Danapur,Karnataka,2021-02-05
186,Hrishita Kapadia,Female,1956-05-28,4036245701,drishya96@saxena.com,Jhansi,Uttar Pradesh,2020-10-09
187,Ehsaan Kala,Male,1967-10-28,2404344178,psharma@dhar.com,Kollam,Karnataka,2026-03-14
188,Aradhya Verma,Male,1993-12-03,09236204934,dashkimaya@balay.com,Latur,Tamil Nadu,2025-07-23
189,Ira Balasubramanian,Male,1994-02-21,0501749046,kdixit@mallick-ratta.com,Jodhpur,Tamil Nadu,2026-02-22
190,Ahana  Kapur,Male,1987-10-26,+917323768711,karnikranbir@hotmail.com,Mira-Bhayandar,Himachal Pradesh,2019-08-03
191,Miraan Din,Female,1981-11-24,02940193302,kariindranil@gmail.com,Panvel,Uttar Pradesh,2023-07-08
192,Saksham Sundaram,Male,1978-07-23,+916191644632,nzacharia@gmail.com,Amroha,Karnataka,2023-12-03
193,Samarth Sastry,Female,1984-08-05,1398397990,urvi75@dada-viswanathan.com,Malegaon,Haryana,2020-04-18
194,Nakul Thakkar,Male,1990-10-03,+914110088380,himmatrao@gmail.com,Bhind,Rajasthan,2024-01-06
195,Biju Venkataraman,Female,1970-08-03,+914090929299,shankerumang@hotmail.com,Muzaffarpur,Himachal Pradesh,2021-04-09
196,Kartik Master,Female,1990-03-17,+913469679684,mannat82@gmail.com,Sambhal,Meghalaya,2019-03-04
197,Krish Borah,Male,1976-04-08,5295461461,ubhagat@luthra.com,Aurangabad,Haryana,2018-07-30
198,Samiha Saha,Male,1957-04-19,7993482456,arastogi@soni-reddy.info,Jamshedpur,Madhya Pradesh,2021-11-21
199,Lakshit Jain,Female,1971-01-21,00418642112,jhanvisastry@deep.org,Bhiwani,Jharkhand,2025-08-22
200,Zeeshan Wadhwa,Male,2005-05-06,03865984605,settyhimmat@randhawa.com,Hazaribagh,Uttarakhand,2026-04-24
201,Ryan Sane,Male,1997-06-04,8825641150,dhanukdeep@gmail.com,Kochi,Himachal Pradesh,2021-02-17
202,Jayan Edwin,Male,2002-12-13,9123907616,mkeer@chandra.net,Karaikudi,Mizoram,2020-02-02
203,Jayesh Thaker,Male,1993-05-19,5676661016,jdugar@guha.org,Vijayawada,Haryana,2026-01-29
204,Tara Khosla,Male,1983-08-27,6193894087,pranaychowdhury@gmail.com,Lucknow,Kerala,2018-12-10
205,Farhan Balan,Male,2003-08-13,2179106154,asami@dara-ratta.com,Nashik,Tripura,2021-11-15
206,Dharmajan Iyer,Female,1974-07-27,7782304343,anika70@hotmail.com,Begusarai,Nagaland,2023-11-09
207,Prisha Krishnan,Female,1965-08-31,+918007764930,jhanvi64@yahoo.com,Medininagar,Chhattisgarh,2018-10-07
208,Samarth Sibal,Female,1979-08-09,4948560140,darshitverma@gmail.com,Nizamabad,Telangana,2025-10-25
209,Sara Ganguly,Male,1979-11-12,09177480831,vanya42@yahoo.com,Avadi,Uttar Pradesh,2023-05-25
210,Charvi Dash,Female,1995-01-09,2952449118,jivinverma@vohra-tella.org,Motihari,Kerala,2018-05-19
211,Hazel Bassi,Male,1983-11-27,+917229615860,bajajsaanvi@subramanian.com,Burhanpur,Goa,2019-10-19
212,Renee Baral,Male,2002-01-07,01585874771,vanya02@hotmail.com,Malegaon,Manipur,2022-12-12
213,Indrajit Banerjee,Female,2007-05-22,+915909175581,ydoctor@yahoo.com,Solapur,Rajasthan,2020-11-19
214,Jivin Sodhi,Male,1955-09-28,01025957816,evig@gmail.com,Avadi,Andhra Pradesh,2025-03-02
215,Sahil Dhar,Female,1988-11-22,1774468420,ddhillon@halder.com,Jaunpur,Tripura,2018-10-01
216,Drishya Sheth,Female,1978-08-03,1033558676,rohan96@yahoo.com,Pali,Tripura,2018-09-10
217,Nirvaan Sharma,Female,1955-07-29,+919663576410,chadhaehsaan@yahoo.com,Adoni,Uttarakhand,2023-07-21
218,Ranbir Trivedi,Female,2001-05-29,6159038664,bordeishita@sen.com,Davanagere,Punjab,2019-01-01
219,Yashvi Lala,Female,1968-05-02,+916188171322,zachariahansh@gmail.com,Ahmedabad,Bihar,2024-01-13
220,Khushi Gola,Female,1963-01-07,6079414285,aarav86@dara.org,Jodhpur,Haryana,2025-05-31
221,Armaan Keer,Male,1964-12-13,2082352891,kanav86@raja-kala.com,Yamunanagar,Goa,2018-07-22
222,Kiara Sharma,Male,1974-07-20,1337577981,inaaya-56@kale-kala.com,Jabalpur,Gujarat,2025-04-08
223,Kaira Luthra,Female,2007-05-01,4119140781,zain39@yahoo.com,Motihari,Tamil Nadu,2022-05-19
224,Yuvaan Kota,Male,1992-06-15,+919892122554,pranay95@gmail.com,Loni,Andhra Pradesh,2026-04-19
225,Rania Singhal,Male,1958-02-08,+911493985317,xaurora@yahoo.com,Ongole,Uttarakhand,2019-12-08
226,Hunar Karnik,Male,1969-01-15,8487082411,diyakarpe@master-swaminathan.com,Raiganj,Andhra Pradesh,2025-05-28
227,Dhanush Dhar,Female,1963-10-07,2592137507,hanshbera@yahoo.com,Mau,Jharkhand,2018-12-20
228,Piya Din,Male,1999-12-04,6477946316,magarparinaaz@yahoo.com,Aligarh,Madhya Pradesh,2021-08-20
229,Rhea Baria,Male,2002-03-19,08708079107,myra23@brar.net,Mirzapur,Maharashtra,2019-03-28
230,Jivika Bedi,Female,1997-10-19,5534831042,faiyaz86@anne.info,Bhiwandi,Sikkim,2025-04-14
231,Reyansh Apte,Male,1974-06-23,+917051853867,kohlikiaan@gmail.com,Anantapuram,Andhra Pradesh,2024-08-11
232,Yakshit Varty,Male,1994-10-25,01175176593,bhatjhanvi@sathe-varkey.info,Satna,Uttar Pradesh,2020-02-07
233,Arhaan Loke,Male,2000-12-25,00594675304,dashrania@korpal.com,Pallavaram,Odisha,2024-01-18
234,Neelofar Brar,Male,1979-04-08,05905806057,siyaluthra@gmail.com,Karawal Nagar,Karnataka,2018-10-26
235,Uthkarsh Sane,Male,1998-03-09,+919432212729,jbhandari@gmail.com,Jamnagar,Sikkim,2026-03-12
236,Misha Madan,Male,1977-08-15,+919610631020,isarin@yahoo.com,Patiala,Uttarakhand,2018-06-30
237,Tara Vasa,Male,1996-07-23,1388772461,bhamini43@dayal.com,Malda,Odisha,2020-04-22
238,Nakul Swamy,Female,1959-12-19,+910062291048,gulatiseher@hotmail.com,Guwahati,Meghalaya,2021-10-23
239,Heer Gera,Male,2001-02-26,+913766687973,kaira75@hotmail.com,Panihati,Bihar,2018-07-30
240,Anahi Arora,Male,1962-08-09,+915223247217,evagara@gokhale-kala.biz,Alwar,West Bengal,2021-08-24
241,Anay Lal,Male,1987-11-28,+915237459739,mannandharmajan@din.com,Fatehpur,Himachal Pradesh,2018-11-02
242,Reyansh Raju,Male,1997-08-07,05293597117,kashvishanker@hotmail.com,Meerut,Andhra Pradesh,2023-11-01
243,Himmat Devan,Female,2006-04-21,02877358229,samairabandi@soman-amble.org,Nandyal,Karnataka,2021-01-01
244,Krish Dayal,Female,1955-09-26,+914943937530,diya83@vora-sandal.com,Jamnagar,Manipur,2023-12-21
245,Keya Dhillon,Female,1971-05-26,+916995895712,ritviksachdev@hotmail.com,Nashik,Tamil Nadu,2018-10-28
246,Divyansh Sem,Male,1988-08-08,01094432723,czachariah@venkataraman-kara.biz,Erode,Haryana,2022-08-09
247,Ritvik Dhillon,Female,1960-08-11,+911999649871,samihabalan@gmail.com,Machilipatnam,Himachal Pradesh,2022-03-28
248,Stuvan Rama,Male,1966-10-05,04017560300,anahita16@yahoo.com,Avadi,Uttarakhand,2019-07-14
249,Yakshit Madan,Female,1987-02-27,9789308909,sehgalrati@manne-saran.net,Ahmednagar,Haryana,2026-04-24
250,Nitya Deshmukh,Female,1962-08-27,+913818576338,damini63@ganguly.com,Kamarhati,Mizoram,2021-06-04
