loan_id,customer_id,loan_type,loan_amount,interest_rate,loan_status,start_date
1,227,Home Loan,823209.76,9.98,Closed,2026-03-23
2,209,Education Loan,670618.72,13.53,Approved,2022-05-01
3,74,Car Loan,2162239.4,7.88,Pending,2022-04-26
4,85,Car Loan,354963.77,10.44,Closed,2025-10-10
5,191,Education Loan,2241861.86,10.59,Approved,2025-07-30
6,128,Education Loan,949999.97,13.88,Closed,2025-12-31
7,206,Home Loan,1831349.24,8.13,Pending,2025-05-01
8,211,Personal Loan,1386412.27,10.07,Approved,2026-03-01
9,84,Car Loan,800914.85,12.32,Closed,2022-04-14
10,43,Education Loan,911290.11,7.84,Closed,2023-04-25
11,158,Education Loan,722660.63,15.34,Approved,2023-12-19
12,20,Education Loan,940112.27,13.91,Pending,2025-08-10
13,41,Home Loan,399809.7,12.36,Closed,2025-01-10
14,9,Personal Loan,214721.74,13.73,Closed,2021-11-13
15,93,Education Loan,2376194.42,7.76,Approved,2026-02-16
16,174,Education Loan,2374617.65,10.48,Approved,2023-07-19
17,147,Personal Loan,1347176.71,10.68,Pending,2025-10-10
18,72,Personal Loan,2403274.13,7.71,Approved,2022-03-07
19,128,Education Loan,2288179.14,8.44,Closed,2023-12-07
20,181,Education Loan,575697.54,12.4,Pending,2025-10-07
21,235,Education Loan,540436.94,8.59,Approved,2023-05-11
22,116,Personal Loan,2251763.63,11.06,Approved,2021-06-10
23,208,Car Loan,1686207.49,13.18,Pending,2023-11-17
24,139,Car Loan,2233762.62,14.31,Pending,2023-08-06
25,182,Personal Loan,1994556.14,11.57,Approved,2022-08-14
26,52,Personal Loan,630003.65,11.45,Closed,2021-08-09
27,142,Car Loan,1195144.31,15.36,Approved,2022-01-28
28,157,Home Loan,211082.86,10.69,Pending,2022-10-04
29,185,Education Loan,1337954.35,13.65,Pending,2023-09-09
30,19,Personal Loan,2432330.34,12.64,Closed,2022-09-18
31,120,Car Loan,364419.8,14.13,Pending,2022-12-17
32,164,Personal Loan,1931065.01,8.53,Pending,2024-08-23
33,234,Home Loan,2086907.48,11.64,Closed,2022-04-15
34,43,Personal Loan,840518.84,13.17,Closed,2023-05-30
35,243,Car Loan,2122537.58,9.5,Pending,2025-04-22
36,245,Car Loan,356667.22,9.92,Pending,2021-09-14
37,24,Personal Loan,1499930.69,12.15,Approved,2026-02-04
38,169,Car Loan,2114198.51,12.01,Approved,2023-11-20
39,21,Home Loan,2373939.79,13.67,Closed,2022-09-26
40,167,Personal Loan,1929049.55,10.83,Pending,2021-11-10
41,8,Education Loan,2228042.36,11.86,Pending,2024-07-22
42,245,Car Loan,1233214.8,13.94,Pending,2025-09-08
43,104,Car Loan,1161183.13,13.01,Approved,2023-10-17
44,113,Education Loan,1236415.27,9.13,Pending,2025-10-13
45,37,Car Loan,2160638.44,10.05,Closed,2023-05-05
46,250,Education Loan,370377.07,10.46,Pending,2026-02-19
47,28,Car Loan,642257.76,8.48,Closed,2023-12-14
48,64,Personal Loan,287188.55,9.82,Closed,2022-01-18
49,222,Education Loan,658262.19,14.42,Approved,2026-04-20
50,209,Car Loan,2337691.26,13.27,Approved,2022-05-31
51,196,Personal Loan,1270750.58,11.62,Closed,2021-06-11
52,226,Car Loan,1268557.17,8.22,Closed,2024-09-20
53,130,Education Loan,2418382.24,9.22,Closed,2024-09-25
54,13,Home Loan,739323.03,12.28,Pending,2021-06-09
55,173,Education Loan,750083.53,7.57,Approved,2024-09-30
56,111,Personal Loan,2212016.54,13.32,Closed,2022-03-19
57,94,Home Loan,1031424.97,12.06,Approved,2021-10-17
58,93,Car Loan,230152.79,11.53,Pending,2023-08-17
59,72,Home Loan,365225.31,8.27,Closed,2025-03-29
60,204,Car Loan,1416688.0,10.42,Approved,2024-06-04
61,51,Education Loan,1275190.86,7.86,Approved,2023-03-31
62,183,Car Loan,2019716.35,11.65,Approved,2023-04-16
63,156,Personal Loan,853516.33,12.4,Approved,2022-12-14
64,101,Car Loan,1504625.41,11.56,Pending,2023-01-09
65,137,Education Loan,1786412.53,9.9,Approved,2021-06-12
66,95,Car Loan,1700825.66,15.34,Pending,2024-07-16
67,79,Home Loan,1512428.56,9.62,Pending,2023-02-15
68,201,Personal Loan,1817430.28,12.17,Approved,2022-07-30
69,135,Education Loan,412050.49,12.95,Approved,2023-12-31
70,147,Home Loan,517421.6,11.03,Closed,2026-04-09
71,39,Education Loan,1741725.64,10.78,Pending,2024-09-11
72,236,Education Loan,2188403.39,13.39,Approved,2022-01-04
73,181,Personal Loan,1320773.87,11.99,Pending,2023-09-28
74,123,Education Loan,818693.87,8.89,Pending,2024-12-28
75,88,Car Loan,1705878.01,14.44,Pending,2024-11-23
76,165,Car Loan,1544687.62,9.04,Approved,2025-09-06
77,72,Car Loan,600924.24,15.28,Closed,2024-10-21
78,198,Car Loan,1777007.3,13.02,Closed,2023-10-07
79,82,Education Loan,904567.78,14.97,Pending,2025-12-08
80,71,Car Loan,348591.56,12.91,Closed,2025-11-25
81,230,Education Loan,2055024.78,15.14,Approved,2021-10-07
82,75,Home Loan,754694.34,13.21,Closed,2025-08-10
83,237,Education Loan,1657131.52,13.48,Approved,2025-03-05
84,52,Car Loan,2335908.64,13.07,Approved,2021-07-05
85,28,Personal Loan,644022.19,12.86,Pending,2022-11-26
86,58,Personal Loan,178603.21,10.81,Pending,2023-04-14
87,121,Home Loan,1718920.37,8.6,Pending,2024-09-19
88,238,Personal Loan,1046923.26,14.98,Closed,2022-11-11
89,123,Personal Loan,1901982.1,9.8,Closed,2022-09-03
90,166,Home Loan,2274445.55,8.22,Pending,2025-02-22
91,60,Home Loan,2287412.83,8.9,Approved,2023-06-10
92,240,Home Loan,2493070.92,10.68,Closed,2024-03-24
93,48,Car Loan,2198020.76,7.57,Pending,2025-05-12
94,155,Home Loan,2324714.37,10.18,Closed,2022-08-25
95,165,Education Loan,2228686.91,8.57,Pending,2022-06-05
96,120,Car Loan,522387.93,8.4,Approved,2025-03-07
97,188,Education Loan,1638299.08,13.25,Approved,2024-01-11
98,189,Car Loan,1987380.78,12.04,Approved,2023-06-20
99,45,Education Loan,2076125.07,11.62,Approved,2022-12-01
100,103,Home Loan,502713.94,8.62,Closed,2024-03-25
101,240,Personal Loan,66733.8,10.57,Closed,2024-09-18
102,193,Car Loan,2387385.32,9.92,Pending,2026-02-03
103,147,Home Loan,690805.22,10.38,Approved,2023-01-10
104,16,Home Loan,1190217.73,8.78,Pending,2023-02-24
105,129,Car Loan,1741211.42,12.61,Closed,2021-11-25
106,95,Personal Loan,586865.07,8.57,Approved,2023-01-19
107,117,Car Loan,1068821.76,11.89,Closed,2023-03-24
108,194,Personal Loan,1916556.07,12.94,Pending,2025-01-08
109,224,Home Loan,1337491.31,11.73,Closed,2022-09-25
110,20,Home Loan,201307.22,11.88,Pending,2024-06-06
111,52,Personal Loan,453116.03,14.34,Closed,2022-01-10
112,30,Personal Loan,1806449.02,11.41,Pending,2024-10-26
113,115,Home Loan,1160909.14,11.61,Closed,2021-06-12
114,145,Home Loan,1419053.14,12.88,Closed,2021-07-08
115,186,Home Loan,1020074.34,14.03,Pending,2021-09-04
116,56,Home Loan,160960.02,10.26,Approved,2025-11-23
117,139,Home Loan,2339727.86,8.05,Closed,2022-11-23
118,9,Car Loan,1051723.99,13.65,Pending,2023-11-19
119,187,Education Loan,967429.26,14.63,Closed,2023-09-24
120,223,Education Loan,970331.56,12.96,Pending,2022-12-23
121,224,Personal Loan,1651158.54,10.28,Approved,2022-04-01
122,138,Education Loan,1345664.22,13.32,Approved,2022-05-31
123,214,Home Loan,1902639.57,15.33,Closed,2025-03-06
124,173,Education Loan,1353237.34,14.09,Approved,2023-08-10
125,118,Car Loan,430047.36,9.01,Pending,2023-05-25
126,196,Home Loan,128932.42,12.78,Pending,2024-02-11
127,197,Home Loan,639632.42,8.04,Pending,2022-11-04
128,9,Education Loan,1514573.0,13.13,Approved,2022-11-19
129,63,Home Loan,1035550.11,9.37,Approved,2021-07-15
130,194,Home Loan,393332.16,15.45,Approved,2022-02-09
131,209,Car Loan,1464813.3,13.68,Closed,2022-05-01
132,61,Car Loan,2196832.89,15.39,Pending,2024-05-09
133,57,Education Loan,786227.34,7.99,Pending,2021-10-08
134,226,Personal Loan,1583683.19,10.92,Closed,2021-08-21
135,13,Car Loan,2356886.7,12.87,Pending,2026-01-19
136,82,Education Loan,1050234.98,9.9,Approved,2024-03-18
137,194,Education Loan,640372.06,9.3,Pending,2022-02-15
138,37,Education Loan,2291115.88,12.0,Closed,2023-01-20
139,143,Personal Loan,1001626.67,9.54,Closed,2024-06-06
140,166,Home Loan,2309453.96,14.28,Approved,2023-02-16
141,138,Personal Loan,176264.74,10.52,Pending,2021-08-23
142,155,Home Loan,2190370.12,9.01,Pending,2024-04-03
143,186,Personal Loan,1224515.81,14.46,Closed,2024-12-02
144,78,Home Loan,568929.04,9.02,Pending,2024-07-19
145,31,Education Loan,2290381.18,13.07,Pending,2022-05-05
146,53,Education Loan,2292059.83,11.92,Closed,2026-04-03
147,98,Education Loan,1357442.81,10.37,Closed,2024-06-07
148,93,Education Loan,1191709.96,13.92,Pending,2022-01-15
149,121,Car Loan,2290109.72,10.47,Closed,2024-11-10
150,12,Personal Loan,1866068.33,7.63,Pending,2025-11-25
