transaction_id,account_id,transaction_date,transaction_type,amount,channel
1,300,2025-07-04,Debit,29589.71,ATM
2,169,2025-07-15,Credit,38045.99,ATM
3,256,2025-07-30,Debit,25806.94,Branch
4,252,2026-01-17,Debit,16906.54,Net Banking
5,87,2026-04-06,Credit,72059.32,Branch
6,95,2025-12-20,Credit,52442.05,UPI
7,25,2025-10-26,Credit,41297.98,ATM
8,35,2025-06-26,Credit,1013.23,Mobile App
9,234,2026-04-13,Debit,6138.97,Mobile App
10,248,2025-08-03,Debit,1671.6,Mobile App
11,283,2025-07-28,Debit,1283.91,Mobile App
12,141,2025-06-05,Debit,1812.55,Branch
13,92,2025-06-20,Credit,91813.08,Mobile App
14,77,2025-10-30,Credit,19274.01,Mobile App
15,130,2025-11-05,Debit,26805.74,Branch
16,41,2025-05-27,Debit,95933.85,Branch
17,290,2026-05-03,Credit,99024.28,ATM
18,154,2025-10-10,Credit,65408.2,UPI
19,48,2025-09-22,Debit,37988.48,Mobile App
20,244,2025-11-20,Credit,63711.13,ATM
21,43,2025-06-01,Debit,84548.45,Net Banking
22,290,2025-12-18,Credit,89489.64,UPI
23,118,2025-11-08,Credit,90137.17,Mobile App
24,244,2026-05-07,Debit,4751.54,UPI
25,144,2026-01-26,Credit,18017.51,Net Banking
26,9,2025-08-02,Credit,58744.91,Branch
27,40,2025-08-28,Debit,16328.78,ATM
28,291,2025-11-14,Debit,67735.79,Mobile App
29,170,2026-01-31,Debit,75585.37,ATM
30,41,2025-09-25,Debit,5464.27,Branch
31,119,2025-08-12,Credit,34125.22,Mobile App
32,204,2025-11-06,Debit,3059.6,Net Banking
33,231,2025-09-07,Debit,22891.03,Mobile App
34,193,2025-09-25,Debit,18655.21,Mobile App
35,195,2025-10-15,Credit,77239.52,Net Banking
36,127,2026-02-20,Credit,8295.6,ATM
37,195,2026-03-17,Credit,73991.56,Net Banking
38,185,2025-07-26,Credit,9242.89,Net Banking
39,228,2026-02-16,Debit,76158.51,UPI
40,68,2025-12-27,Credit,18820.44,Branch
41,286,2026-03-13,Debit,10418.96,UPI
42,182,2026-04-26,Credit,59732.76,Net Banking
43,198,2025-12-17,Credit,29255.55,Branch
44,44,2026-02-07,Credit,57238.85,ATM
45,195,2026-04-20,Credit,13970.12,Net Banking
46,138,2025-10-16,Debit,14678.89,ATM
47,223,2025-10-25,Debit,42168.12,Branch
48,40,2026-05-13,Debit,25244.8,ATM
49,254,2025-10-06,Credit,45840.38,ATM
50,156,2025-11-16,Credit,94887.46,Net Banking
51,195,2026-03-03,Debit,44078.27,Branch
52,70,2026-04-10,Debit,32134.45,ATM
53,246,2026-01-03,Debit,17845.96,Branch
54,164,2025-07-12,Debit,73513.95,Branch
55,295,2025-06-14,Credit,32656.04,Net Banking
56,202,2026-02-15,Debit,11477.39,Mobile App
57,103,2025-10-02,Credit,68203.09,Mobile App
58,14,2025-09-19,Debit,94303.19,ATM
59,225,2025-06-23,Debit,83145.05,UPI
60,210,2026-04-14,Debit,14003.99,Net Banking
61,124,2025-12-03,Debit,65900.43,Branch
62,194,2025-10-25,Credit,44961.77,Mobile App
63,246,2025-12-02,Debit,53483.3,Branch
64,279,2025-10-21,Credit,79093.02,Net Banking
65,275,2025-12-03,Credit,11026.01,ATM
66,182,2026-02-14,Credit,64735.28,UPI
67,289,2025-11-02,Debit,96684.43,Net Banking
68,221,2025-07-12,Credit,1153.72,Net Banking
69,114,2025-11-02,Credit,44633.28,Branch
70,238,2026-01-23,Credit,34562.24,UPI
71,248,2025-07-22,Credit,29613.68,UPI
72,60,2026-01-01,Credit,34898.03,Net Banking
73,234,2026-03-14,Credit,52159.37,Net Banking
74,244,2025-10-21,Credit,43872.78,Branch
75,164,2025-07-07,Credit,30096.38,UPI
76,12,2025-08-17,Debit,64832.19,ATM
77,125,2026-01-05,Credit,55235.84,Net Banking
78,287,2025-09-07,Debit,95850.42,ATM
79,208,2025-07-29,Credit,18720.05,Branch
80,203,2026-04-18,Credit,73765.1,ATM
81,231,2025-08-25,Debit,38944.69,ATM
82,106,2026-02-03,Debit,75257.32,UPI
83,296,2025-07-24,Credit,79970.29,Mobile App
84,96,2025-05-19,Debit,32665.89,Branch
85,59,2026-04-03,Debit,67103.07,Branch
86,271,2025-10-14,Debit,59737.39,Mobile App
87,201,2025-06-08,Credit,34857.67,Branch
88,89,2026-02-01,Debit,91876.39,Mobile App
89,44,2025-07-31,Credit,31387.26,ATM
90,157,2025-11-16,Credit,18386.15,ATM
91,262,2025-12-23,Debit,41882.09,ATM
92,295,2026-03-31,Debit,42361.57,Branch
93,276,2025-10-14,Credit,55535.77,Branch
94,148,2025-11-16,Credit,18791.15,Branch
95,28,2025-12-10,Debit,95189.01,Branch
96,70,2025-11-23,Credit,81540.07,Mobile App
97,259,2025-08-28,Debit,40972.52,Branch
98,213,2026-01-14,Debit,48921.08,UPI
99,290,2026-03-19,Credit,79608.5,ATM
100,150,2025-08-13,Credit,27557.81,Mobile App
101,148,2025-08-29,Credit,78095.95,Mobile App
102,254,2025-06-18,Credit,57314.13,Net Banking
103,279,2025-12-19,Debit,54250.13,UPI
104,226,2025-07-02,Credit,98978.6,UPI
105,127,2025-12-06,Debit,87493.5,UPI
106,231,2025-05-26,Debit,34922.84,UPI
107,225,2025-10-01,Credit,77585.6,ATM
108,108,2025-08-05,Debit,86118.76,Mobile App
109,220,2026-04-12,Credit,61653.5,ATM
110,106,2025-05-21,Credit,57050.43,Mobile App
111,144,2025-11-04,Credit,32433.0,Net Banking
112,149,2025-07-20,Debit,95244.49,Mobile App
113,49,2026-02-20,Credit,96280.92,Branch
114,31,2025-09-23,Debit,86718.05,ATM
115,68,2025-12-22,Credit,14709.72,Net Banking
116,127,2025-06-14,Debit,48996.93,Mobile App
117,138,2026-04-26,Debit,37579.72,UPI
118,48,2025-05-27,Debit,51609.79,Net Banking
119,189,2025-11-21,Debit,95030.38,Net Banking
120,298,2025-08-25,Credit,86903.89,UPI
121,235,2026-04-25,Debit,85025.61,Mobile App
122,204,2025-12-29,Credit,96816.05,ATM
123,254,2025-07-11,Debit,32354.23,Net Banking
124,173,2025-10-19,Credit,56657.6,Branch
125,176,2025-09-02,Credit,4689.7,Branch
126,9,2026-01-06,Credit,92950.34,ATM
127,226,2026-04-29,Debit,167.53,Branch
128,104,2025-11-09,Credit,88226.56,Net Banking
129,82,2025-12-02,Debit,9424.66,Net Banking
130,129,2025-12-15,Credit,37247.19,ATM
131,27,2025-06-23,Debit,62597.87,ATM
132,220,2026-04-26,Credit,70399.43,UPI
133,110,2025-11-10,Debit,7886.08,Mobile App
134,116,2026-03-29,Debit,1027.77,Net Banking
135,62,2025-06-18,Debit,69433.7,Branch
136,37,2025-06-01,Credit,38368.69,UPI
137,53,2025-09-03,Debit,36819.41,Net Banking
138,71,2025-11-22,Debit,77368.7,ATM
139,74,2026-03-22,Credit,53097.78,UPI
140,85,2025-10-14,Debit,35183.65,ATM
141,78,2025-07-10,Debit,61645.99,Branch
142,112,2026-02-19,Credit,89669.64,ATM
143,64,2026-01-17,Debit,35218.41,Branch
144,162,2026-03-13,Credit,24853.86,UPI
145,128,2025-10-29,Debit,77919.07,UPI
146,155,2025-10-16,Credit,51823.14,Mobile App
147,97,2025-10-11,Debit,29624.65,UPI
148,123,2025-08-31,Debit,38649.97,ATM
149,256,2026-03-22,Credit,52875.82,UPI
150,185,2025-08-29,Debit,13285.09,Mobile App
151,216,2025-12-20,Debit,54680.99,ATM
152,242,2025-12-17,Credit,1767.27,UPI
153,8,2025-05-31,Debit,21652.72,UPI
154,204,2025-10-26,Debit,62894.21,Mobile App
155,213,2026-03-21,Debit,70210.88,UPI
156,275,2025-05-19,Credit,27819.03,Net Banking
157,41,2025-12-19,Credit,97433.91,ATM
158,275,2026-04-25,Debit,39134.08,UPI
159,159,2026-05-06,Debit,73022.84,ATM
160,30,2026-02-20,Credit,8712.66,Branch
161,60,2026-01-08,Debit,61268.45,UPI
162,159,2026-03-28,Credit,12032.36,ATM
163,6,2026-01-01,Credit,49691.65,Net Banking
164,268,2026-03-28,Debit,16779.6,ATM
165,138,2025-11-09,Credit,77165.89,UPI
166,172,2026-01-06,Debit,27270.86,UPI
167,135,2025-06-12,Credit,49665.14,Mobile App
168,185,2026-01-17,Credit,50011.04,Mobile App
169,86,2025-06-05,Debit,15815.27,UPI
170,294,2025-12-23,Credit,22917.6,Mobile App
171,2,2025-07-23,Credit,85883.03,UPI
172,126,2025-10-10,Credit,47229.28,Branch
173,77,2026-04-16,Credit,93122.89,UPI
174,284,2025-07-18,Debit,22529.08,ATM
175,214,2026-04-16,Debit,27198.67,UPI
176,293,2025-08-08,Debit,12028.15,UPI
177,92,2026-01-22,Credit,80453.37,UPI
178,206,2025-06-04,Credit,87711.42,Net Banking
179,160,2026-01-25,Debit,8729.91,Branch
180,5,2026-01-17,Debit,20147.05,Mobile App
181,156,2025-07-15,Credit,46446.28,Mobile App
182,253,2025-08-01,Credit,73273.09,Mobile App
183,126,2025-10-14,Credit,737.15,Branch
184,13,2026-04-21,Credit,54200.37,UPI
185,172,2026-03-10,Credit,75917.02,Branch
186,158,2025-07-10,Credit,20598.92,ATM
187,215,2026-02-27,Debit,96122.39,ATM
188,144,2026-01-30,Credit,4485.64,ATM
189,267,2025-09-09,Debit,70114.61,Net Banking
190,235,2026-04-13,Credit,58118.99,Mobile App
191,69,2026-04-04,Debit,7575.57,Mobile App
192,32,2025-11-13,Debit,66278.15,ATM
193,122,2025-10-08,Debit,26172.99,Net Banking
194,202,2025-07-23,Debit,31873.97,Net Banking
195,120,2026-01-09,Credit,94361.11,ATM
196,300,2025-08-12,Credit,15625.51,ATM
197,231,2025-09-26,Debit,31471.93,UPI
198,275,2025-09-19,Debit,96467.01,ATM
199,232,2025-06-26,Debit,46388.32,UPI
200,47,2026-05-13,Credit,80778.93,Net Banking
201,21,2025-10-22,Credit,83608.88,Net Banking
202,76,2025-08-25,Credit,71144.62,Net Banking
203,203,2025-09-15,Credit,67750.62,Net Banking
204,90,2026-03-07,Credit,95214.45,Branch
205,285,2026-03-05,Credit,9563.06,UPI
206,72,2025-10-26,Credit,1294.5,ATM
207,67,2025-12-17,Credit,82384.97,Net Banking
208,44,2025-12-23,Debit,91751.12,UPI
209,12,2025-10-31,Credit,19855.26,Branch
210,66,2025-07-04,Credit,90517.29,Net Banking
211,63,2026-01-21,Credit,94233.84,UPI
212,87,2026-03-06,Debit,82186.37,Branch
213,255,2025-10-18,Credit,38334.67,Branch
214,89,2025-05-31,Debit,21550.14,ATM
215,141,2026-03-02,Debit,44656.54,ATM
216,18,2025-05-30,Credit,64763.11,Branch
217,211,2025-05-22,Debit,6191.81,Net Banking
218,197,2026-04-09,Credit,41981.56,Mobile App
219,128,2025-07-24,Credit,98941.42,Net Banking
220,246,2026-01-14,Debit,34469.01,Mobile App
221,258,2026-02-18,Debit,38899.29,ATM
222,14,2026-02-25,Debit,59751.92,UPI
223,144,2026-04-22,Credit,80884.52,Branch
224,272,2025-07-26,Debit,76707.53,ATM
225,82,2025-05-25,Credit,24860.92,ATM
226,137,2025-09-20,Credit,76428.57,ATM
227,295,2025-10-14,Debit,35544.98,ATM
228,91,2025-06-29,Credit,59292.7,Net Banking
229,15,2025-12-26,Debit,94761.12,Mobile App
230,73,2025-06-22,Credit,83686.01,Branch
231,278,2025-08-08,Debit,17638.12,UPI
232,47,2026-03-18,Credit,23339.07,ATM
233,11,2026-05-15,Debit,168.28,Mobile App
234,104,2025-11-28,Credit,34141.83,ATM
235,166,2026-01-09,Credit,2289.1,Mobile App
236,73,2025-09-26,Credit,84663.44,Net Banking
237,38,2025-11-11,Debit,70483.35,Branch
238,52,2025-08-08,Debit,30246.34,ATM
239,81,2026-04-22,Debit,79205.07,Branch
240,163,2025-06-16,Credit,70747.57,Mobile App
241,183,2025-07-31,Credit,66586.61,ATM
242,194,2025-05-21,Debit,73426.1,Net Banking
243,66,2025-11-21,Credit,72910.21,Mobile App
244,201,2025-08-22,Credit,18289.97,Net Banking
245,114,2025-10-16,Credit,93675.11,ATM
246,170,2025-07-28,Credit,23875.79,Net Banking
247,86,2025-06-10,Credit,82184.01,Net Banking
248,229,2025-11-01,Credit,26594.72,ATM
249,35,2025-05-27,Debit,25740.13,UPI
250,1,2025-09-01,Credit,38655.12,Branch
251,86,2025-10-04,Debit,49358.89,Branch
252,180,2026-01-02,Debit,10232.71,Branch
253,296,2026-04-30,Credit,16349.39,UPI
254,18,2025-10-04,Debit,2105.79,Net Banking
255,54,2025-06-13,Credit,34246.64,Branch
256,83,2026-02-28,Credit,54749.92,UPI
257,174,2025-10-07,Debit,70480.01,Branch
258,85,2026-02-14,Debit,15794.67,UPI
259,170,2025-06-27,Credit,97442.4,Branch
260,284,2025-10-17,Debit,66093.73,Net Banking
261,122,2025-11-15,Credit,5058.58,Mobile App
262,282,2026-04-08,Debit,15443.63,Net Banking
263,2,2025-10-01,Debit,8854.07,Mobile App
264,246,2025-08-07,Credit,9788.99,ATM
265,88,2026-01-22,Debit,97708.06,Branch
266,60,2026-03-04,Debit,78509.17,Branch
267,251,2025-08-26,Debit,9204.57,Mobile App
268,199,2025-10-16,Credit,37164.95,Branch
269,190,2026-01-01,Credit,44632.95,Net Banking
270,226,2025-12-26,Debit,26413.74,Net Banking
271,289,2025-08-25,Credit,15197.95,UPI
272,44,2026-05-15,Debit,80837.2,Branch
273,117,2026-03-15,Credit,84095.64,Mobile App
274,215,2025-06-13,Debit,57314.16,ATM
275,244,2026-01-01,Debit,7987.61,UPI
276,258,2025-07-28,Credit,12116.16,Branch
277,89,2026-03-28,Credit,97219.27,ATM
278,65,2026-05-15,Credit,42395.15,Branch
279,104,2025-11-21,Credit,83427.4,Net Banking
280,164,2026-04-10,Credit,8794.04,Mobile App
281,204,2025-09-14,Debit,85676.76,Mobile App
282,235,2025-12-03,Credit,78676.41,Mobile App
283,268,2025-07-10,Debit,11340.63,ATM
284,76,2025-07-21,Credit,92500.32,Mobile App
285,52,2026-05-03,Debit,86760.78,Net Banking
286,211,2025-08-28,Debit,38366.04,Branch
287,293,2025-06-06,Debit,3842.82,Net Banking
288,207,2025-10-09,Credit,61862.62,Branch
289,20,2026-02-05,Debit,88968.46,Net Banking
290,122,2025-05-18,Credit,74600.41,Net Banking
291,191,2025-11-04,Credit,33852.82,Net Banking
292,160,2026-02-28,Debit,84300.37,UPI
293,117,2026-04-02,Credit,30118.0,Branch
294,165,2026-01-06,Debit,72907.06,Mobile App
295,46,2025-05-31,Credit,44227.49,Branch
296,249,2025-11-25,Debit,82119.64,Mobile App
297,82,2026-05-02,Credit,31181.2,Mobile App
298,207,2025-09-06,Credit,78073.59,Mobile App
299,292,2025-10-10,Credit,17456.36,ATM
300,30,2026-04-02,Credit,3403.8,UPI
